metric,value,unit,scope,source_artifact,reproducibility_status
target_count,75,cases,Phase 4.3 held-out benchmark,results/transaction_semantic_certs/variable_latency_stress/processed/scored_variable_latency_evaluation.csv,historical_artifact
hardware_family_count,5,families,Phase 4.3 held-out benchmark,results/transaction_semantic_certs/variable_latency_stress/processed/scored_variable_latency_evaluation.csv,historical_artifact
static_4_cycle_reuse_precision,0.9117647058823529,ratio,pred_l2_static_4 PASS decisions,results/transaction_semantic_certs/variable_latency_stress/processed/scored_variable_latency_evaluation.csv,historical_artifact
adaptive_l2_reuse_precision,0.96875,ratio,pred_l2_adaptive PASS decisions,results/transaction_semantic_certs/variable_latency_stress/processed/scored_variable_latency_evaluation.csv,historical_artifact
static_4_cycle_false_reuse_rate,0.08823529411764706,ratio,pred_l2_static_4 PASS decisions,results/transaction_semantic_certs/variable_latency_stress/processed/scored_variable_latency_evaluation.csv,historical_artifact
adaptive_l2_false_reuse_rate,0.03125,ratio,pred_l2_adaptive PASS decisions,results/transaction_semantic_certs/variable_latency_stress/processed/scored_variable_latency_evaluation.csv,historical_artifact
static_4_cycle_positive_transfer,0.775,ratio,designated expected_decision PASS rows,results/transaction_semantic_certs/variable_latency_stress/processed/scored_variable_latency_evaluation.csv,historical_artifact
adaptive_l2_positive_transfer,0.775,ratio,designated expected_decision PASS rows,results/transaction_semantic_certs/variable_latency_stress/processed/scored_variable_latency_evaluation.csv,historical_artifact
adaptive_l2_negative_rejection_rate,0.9714285714285714,ratio,designated negative rows,results/transaction_semantic_certs/variable_latency_stress/processed/scored_variable_latency_evaluation.csv,historical_artifact
adaptive_incomplete_case_rejection_count,10/10,cases,CLASS_I_INCOMPLETE_EVIDENCE adaptive decision INSUFFICIENT_EVIDENCE,results/transaction_semantic_certs/variable_latency_stress/processed/scored_variable_latency_evaluation.csv,historical_artifact
